Student Name,Course,Year Level,Semester,Semester Type,School Year,Requests Count
Ariana E. Alcantara III,Bachelor of Science in Nursing,1st Year,All,All,2025-2026,3
Gabriel C. Alcantara Jr.,Bachelor of Arts in Communication,1st Year,All,All,2025-2026,3
Ariana E. Aquino,Bachelor of Science in Management Accounting,1st Year,All,All,2025-2026,3
Ana C. Aquino III,Bachelor of Science in Hospitality Management,1st Year,All,All,2025-2026,3
Ella H. Aquino Jr.,Bachelor of Science in Computer Science,1st Year,All,All,2025-2026,3
Angela I. Aquino Jr.,Bachelor of Arts in Communication,1st Year,All,All,2025-2026,3
Miguel I. Bautista III,Bachelor of Science in Computer Science,1st Year,All,All,2025-2026,3
Grace J. Bautista Jr.,Bachelor of Science in Civil Engineering,1st Year,All,All,2025-2026,3
Raven E. Cabrera Jr.,Bachelor of Science in Management Accounting,1st Year,All,All,2025-2026,3
Claire C. Cabrera Jr.,Bachelor of Science in Information Technology,1st Year,All,All,2025-2026,3
Juan D. Cabrera,Bachelor of Science in Computer Science,1st Year,All,All,2025-2026,3
Angel B. Cabrera III,Bachelor of Science in Computer Science,1st Year,All,All,2025-2026,3
Claire G. Cabrera Jr.,Bachelor of Arts in Communication,1st Year,All,All,2025-2026,3
Mikaela D. Cabrera III,Bachelor of Science in Civil Engineering,1st Year,All,All,2025-2026,3
Ariana J. Castillo Jr.,Bachelor of Science in Accountancy,1st Year,All,All,2025-2026,3
Jose A. Castillo,Bachelor of Science in Management Accounting,1st Year,All,All,2025-2026,3
Jasmine I. Castillo III,Bachelor of Science in Hospitality Management,1st Year,All,All,2025-2026,3
Jose H. Castillo III,Bachelor of Science in Computer Science,1st Year,All,All,2025-2026,3
Liam F. Castillo Jr.,Bachelor of Science in Computer Science,1st Year,All,All,2025-2026,3
Ryan F. Castillo III,Bachelor of Science in Computer Science,1st Year,All,All,2025-2026,3
Ana E. Cruz,Bachelor of Science in Nursing,1st Year,All,All,2025-2026,3
Nicole H. Cruz,Bachelor of Science in Criminology,1st Year,All,All,2025-2026,3
Paula C. Cruz,Bachelor of Science in Computer Science,1st Year,All,All,2025-2026,3
Joshua D. Cruz,Bachelor of Arts in Communication,1st Year,All,All,2025-2026,3
Renz A. DelaCruz Jr.,Bachelor of Science in Accountancy,1st Year,All,All,2025-2026,3
Christian I. DelaCruz Jr.,Bachelor of Science in Management Accounting,1st Year,All,All,2025-2026,3
Ariana F. DelaCruz III,Bachelor of Science in Information Technology,1st Year,All,All,2025-2026,3
Angel E. DelaCruz III,Bachelor of Arts in Psychology,1st Year,All,All,2025-2026,3
Hannah E. Espino Jr.,Bachelor of Science in Nursing,1st Year,All,All,2025-2026,3
Paula A. Espino,Bachelor of Science in Nursing,1st Year,All,All,2025-2026,3
Ryan B. Espino III,Bachelor of Science in Hospitality Management,1st Year,All,All,2025-2026,3
Mark D. Espino III,Bachelor of Science in Criminology,1st Year,All,All,2025-2026,3
Liam C. Espino III,Bachelor of Arts in Psychology,1st Year,All,All,2025-2026,3
Maria H. Espino Jr.,Bachelor of Science in Civil Engineering,1st Year,All,All,2025-2026,3
Bruce C. Flores III,Bachelor of Science in Management Accounting,1st Year,All,All,2025-2026,3
Patrick E. Flores Jr.,Bachelor of Science in Nursing,1st Year,All,All,2025-2026,3
Angela J. Flores Jr.,Bachelor of Science in Nursing,1st Year,All,All,2025-2026,3
Raven E. Flores III,Bachelor of Science in Criminology,1st Year,All,All,2025-2026,3
Jose H. Flores,Bachelor of Science in Computer Science,1st Year,All,All,2025-2026,3
Grace D. Garcia,Bachelor of Science in Management Accounting,1st Year,All,All,2025-2026,3
Renz A. Herrera Jr.,Bachelor of Science in Accountancy,1st Year,All,All,2025-2026,3
Juan B. Herrera,Bachelor of Science in Nursing,1st Year,All,All,2025-2026,3
Ryan A. Herrera,Bachelor of Science in Hospitality Management,1st Year,All,All,2025-2026,3
Ella D. Herrera III,Bachelor of Science in Hospitality Management,1st Year,All,All,2025-2026,3
Ella A. Herrera III,Bachelor of Science in Information Technology,1st Year,All,All,2025-2026,3
Angela C. Herrera,Bachelor of Science in Information Technology,1st Year,All,All,2025-2026,3
Ana J. Lim III,Bachelor of Science in Management Accounting,1st Year,All,All,2025-2026,3
John D. Lim,Bachelor of Science in Nursing,1st Year,All,All,2025-2026,3
Liam E. Lim III,Bachelor of Science in Hospitality Management,1st Year,All,All,2025-2026,3
Jasmine C. Lim III,Bachelor of Science in Information Technology,1st Year,All,All,2025-2026,3
Ethan I. Lopez,Bachelor of Science in Nursing,1st Year,All,All,2025-2026,3
Carla G. Lopez Jr.,Bachelor of Science in Civil Engineering,1st Year,All,All,2025-2026,3
Nathan G. Lopez III,Bachelor of Science in Civil Engineering,1st Year,All,All,2025-2026,3
Ryan J. Martinez Jr.,Bachelor of Science in Accountancy,1st Year,All,All,2025-2026,3
Hannah I. Martinez,Bachelor of Science in Management Accounting,1st Year,All,All,2025-2026,3
Nathan H. Martinez,Bachelor of Science in Criminology,1st Year,All,All,2025-2026,3
Ethan F. Martinez III,Bachelor of Science in Computer Science,1st Year,All,All,2025-2026,3
Ella I. Martinez III,Bachelor of Science in Computer Science,1st Year,All,All,2025-2026,3
Ethan G. Morales Jr.,Bachelor of Science in Management Accounting,1st Year,All,All,2025-2026,3
Daniel I. Morales III,Bachelor of Science in Civil Engineering,1st Year,All,All,2025-2026,3
Sofia J. Navarro III,Bachelor of Science in Hospitality Management,1st Year,All,All,2025-2026,3
Carla J. Navarro III,Bachelor of Science in Hospitality Management,1st Year,All,All,2025-2026,3
David A. Navarro Jr.,Bachelor of Science in Information Technology,1st Year,All,All,2025-2026,3
Kimberly H. Navarro,Bachelor of Science in Computer Science,1st Year,All,All,2025-2026,3
Mikaela I. Padilla Jr.,Bachelor of Science in Accountancy,1st Year,All,All,2025-2026,3
Bruce I. Padilla,Bachelor of Science in Accountancy,1st Year,All,All,2025-2026,3
Isabella G. Padilla III,Bachelor of Science in Management Accounting,1st Year,All,All,2025-2026,3
Ariana A. Padilla III,Bachelor of Science in Hospitality Management,1st Year,All,All,2025-2026,3
Jasmine G. Padilla Jr.,Bachelor of Science in Criminology,1st Year,All,All,2025-2026,3
Ethan G. Padilla Jr.,Bachelor of Science in Criminology,1st Year,All,All,2025-2026,3
Christian C. Pascual Jr.,Bachelor of Science in Accountancy,1st Year,All,All,2025-2026,3
Leonardo D. Pascual III,Bachelor of Science in Nursing,1st Year,All,All,2025-2026,3
Liam E. Pascual III,Bachelor of Science in Criminology,1st Year,All,All,2025-2026,3
Kimberly D. Pascual,Bachelor of Science in Criminology,1st Year,All,All,2025-2026,3
Ana I. Pascual,Bachelor of Science in Information Technology,1st Year,All,All,2025-2026,3
Mikaela E. Pascual,Bachelor of Arts in Psychology,1st Year,All,All,2025-2026,3
Paula C. Ramos Jr.,Bachelor of Science in Management Accounting,1st Year,All,All,2025-2026,3
Carla H. Ramos Jr.,Bachelor of Science in Information Technology,1st Year,All,All,2025-2026,3
Miguel H. Ramos III,Bachelor of Arts in Communication,1st Year,All,All,2025-2026,3
Leonardo E. Ramos Jr.,Bachelor of Arts in Communication,1st Year,All,All,2025-2026,3
Daniel B. Ramos Jr.,Bachelor of Arts in Psychology,1st Year,All,All,2025-2026,3
Leonardo C. Ramos III,Bachelor of Science in Civil Engineering,1st Year,All,All,2025-2026,3
Renz D. Reyes,Bachelor of Science in Accountancy,1st Year,All,All,2025-2026,3
Ryan A. Reyes III,Bachelor of Science in Nursing,1st Year,All,All,2025-2026,3
Ella A. Reyes Jr.,Bachelor of Science in Hospitality Management,1st Year,All,All,2025-2026,3
Ariana B. Reyes,Bachelor of Science in Hospitality Management,1st Year,All,All,2025-2026,3
Jasmine J. Reyes,Bachelor of Science in Information Technology,1st Year,All,All,2025-2026,3
Renz B. Reyes III,Bachelor of Science in Information Technology,1st Year,All,All,2025-2026,3
Gabriel I. Reyes,Bachelor of Science in Computer Science,1st Year,All,All,2025-2026,3
Isabella G. Reyes,Bachelor of Arts in Communication,1st Year,All,All,2025-2026,3
Ethan C. Reyes III,Bachelor of Arts in Psychology,1st Year,All,All,2025-2026,3
David B. Reyes,Bachelor of Science in Civil Engineering,1st Year,All,All,2025-2026,3
Renz D. Rivera,Bachelor of Science in Accountancy,1st Year,All,All,2025-2026,3
Leonardo A. Rivera Jr.,Bachelor of Science in Nursing,1st Year,All,All,2025-2026,3
Isabella E. Rivera Jr.,Bachelor of Science in Hospitality Management,1st Year,All,All,2025-2026,3
Ella I. Rivera Jr.,Bachelor of Science in Hospitality Management,1st Year,All,All,2025-2026,3
Carla C. Salazar,Bachelor of Science in Criminology,1st Year,All,All,2025-2026,3
Christian F. Salazar,Bachelor of Science in Information Technology,1st Year,All,All,2025-2026,3
Bruce I. Salazar,Bachelor of Science in Civil Engineering,1st Year,All,All,2025-2026,3
Maria I. Salazar,Bachelor of Science in Civil Engineering,1st Year,All,All,2025-2026,3
Ryan E. Santos III,Bachelor of Science in Hospitality Management,1st Year,All,All,2025-2026,3
Liam I. Santos,Bachelor of Science in Information Technology,1st Year,All,All,2025-2026,3
Jose E. Sison Jr.,Bachelor of Science in Nursing,1st Year,All,All,2025-2026,3
Nicole B. Sison III,Bachelor of Science in Information Technology,1st Year,All,All,2025-2026,3
John F. Soriano Jr.,Bachelor of Science in Hospitality Management,1st Year,All,All,2025-2026,3
Zyra E. Soriano,Bachelor of Science in Criminology,1st Year,All,All,2025-2026,3
Raven J. Soriano Jr.,Bachelor of Science in Information Technology,1st Year,All,All,2025-2026,3
Nicoletta E. Soriano,Bachelor of Science in Computer Science,1st Year,All,All,2025-2026,3
Raven G. Soriano,Bachelor of Arts in Communication,1st Year,All,All,2025-2026,3
Patrick E. Soriano,Bachelor of Arts in Psychology,1st Year,All,All,2025-2026,3
Bruce B. Tan Jr.,Bachelor of Arts in Communication,1st Year,All,All,2025-2026,3
David J. Torres,Bachelor of Science in Nursing,1st Year,All,All,2025-2026,3
Zyra B. Torres,Bachelor of Science in Hospitality Management,1st Year,All,All,2025-2026,3
Nicoletta D. Torres,Bachelor of Arts in Communication,1st Year,All,All,2025-2026,3
Hannah E. Torres,Bachelor of Arts in Psychology,1st Year,All,All,2025-2026,3
Ariana F. Torres Jr.,Bachelor of Arts in Psychology,1st Year,All,All,2025-2026,3
Ella G. Torres,Bachelor of Science in Civil Engineering,1st Year,All,All,2025-2026,3
Zyra I. Torres III,Bachelor of Science in Civil Engineering,1st Year,All,All,2025-2026,3
Juan B. Velasco III,Bachelor of Science in Management Accounting,1st Year,All,All,2025-2026,3
Grace J. Velasco,Bachelor of Science in Criminology,1st Year,All,All,2025-2026,3
Daniel F. Velasco III,Bachelor of Science in Computer Science,1st Year,All,All,2025-2026,3
Carla G. Velasco III,Bachelor of Arts in Psychology,1st Year,All,All,2025-2026,3
Ella I. Villanueva,Bachelor of Science in Hospitality Management,1st Year,All,All,2025-2026,3
Kimberly B. Villanueva,Bachelor of Science in Criminology,1st Year,All,All,2025-2026,3
John A. Villanueva,Bachelor of Science in Criminology,1st Year,All,All,2025-2026,3
Rey C. Villar Jr.,Bachelor of Science in Accountancy,1st Year,All,All,2025-2026,3
Leonardo F. Villar Jr.,Bachelor of Science in Management Accounting,1st Year,All,All,2025-2026,3
Miguel F. Villar,Bachelor of Science in Management Accounting,1st Year,All,All,2025-2026,3
Rey E. Villar Jr.,Bachelor of Science in Nursing,1st Year,All,All,2025-2026,3
Sofia F. Villar Jr.,Bachelor of Science in Nursing,1st Year,All,All,2025-2026,3
Angel C. Villar III,Bachelor of Science in Computer Science,1st Year,All,All,2025-2026,3
Ethan B. Villar,Bachelor of Science in Computer Science,1st Year,All,All,2025-2026,3
Mark D. Villar,Bachelor of Arts in Communication,1st Year,All,All,2025-2026,3
Grace B. Villar Jr.,Bachelor of Science in Civil Engineering,1st Year,All,All,2025-2026,3
Mark F. Alcantara III,Bachelor of Science in Accountancy,1st Year,All,All,2025-2026,2
Kimberly C. Alcantara Jr.,Bachelor of Science in Hospitality Management,1st Year,All,All,2025-2026,2
Mark D. Alcantara III,Bachelor of Science in Criminology,1st Year,All,All,2025-2026,2
Mark J. Alcantara III,Bachelor of Science in Criminology,1st Year,All,All,2025-2026,2
Gabriel C. Alcantara,Bachelor of Arts in Communication,1st Year,All,All,2025-2026,2
Nathan H. Alcantara III,Bachelor of Science in Civil Engineering,1st Year,All,All,2025-2026,2
Claire A. Alcantara III,Bachelor of Science in Civil Engineering,1st Year,All,All,2025-2026,2
Ella G. Aquino,Bachelor of Science in Management Accounting,1st Year,All,All,2025-2026,2
Maria C. Aquino III,Bachelor of Science in Nursing,1st Year,All,All,2025-2026,2
Christian F. Aquino Jr.,Bachelor of Arts in Psychology,1st Year,All,All,2025-2026,2
Grace E. Aquino,Bachelor of Arts in Psychology,1st Year,All,All,2025-2026,2
Joshua C. Bautista,Bachelor of Science in Computer Science,1st Year,All,All,2025-2026,2
Ryan E. Cabrera Jr.,Bachelor of Science in Accountancy,1st Year,All,All,2025-2026,2
Nathan G. Cabrera Jr.,Bachelor of Science in Criminology,1st Year,All,All,2025-2026,2
Ryan A. Cabrera Jr.,Bachelor of Arts in Communication,1st Year,All,All,2025-2026,2
Zyra I. Cabrera III,Bachelor of Arts in Psychology,1st Year,All,All,2025-2026,2
Grace B. Cabrera,Bachelor of Science in Civil Engineering,1st Year,All,All,2025-2026,2
Bruce C. Castillo Jr.,Bachelor of Science in Management Accounting,1st Year,All,All,2025-2026,2
John B. Castillo,Bachelor of Science in Management Accounting,1st Year,All,All,2025-2026,2
Ariana E. Castillo III,Bachelor of Science in Information Technology,1st Year,All,All,2025-2026,2
Juan I. Castillo III,Bachelor of Science in Computer Science,1st Year,All,All,2025-2026,2
Raven I. Castillo Jr.,Bachelor of Science in Computer Science,1st Year,All,All,2025-2026,2
Maria I. Castillo Jr.,Bachelor of Arts in Communication,1st Year,All,All,2025-2026,2
Jose F. Castillo,Bachelor of Science in Civil Engineering,1st Year,All,All,2025-2026,2
Ethan F. Cruz,Bachelor of Science in Management Accounting,1st Year,All,All,2025-2026,2
Angel H. Cruz Jr.,Bachelor of Science in Nursing,1st Year,All,All,2025-2026,2
Ella F. Cruz,Bachelor of Arts in Communication,1st Year,All,All,2025-2026,2
Carla F. DelaCruz III,Bachelor of Science in Accountancy,1st Year,All,All,2025-2026,2
Sofia D. DelaCruz,Bachelor of Science in Accountancy,1st Year,All,All,2025-2026,2
Kimberly E. DelaCruz,Bachelor of Science in Civil Engineering,1st Year,All,All,2025-2026,2
Kimberly F. DelosSantos,Bachelor of Science in Accountancy,1st Year,All,All,2025-2026,2
Christian E. DelosSantos,Bachelor of Science in Management Accounting,1st Year,All,All,2025-2026,2
Jose H. DelosSantos III,Bachelor of Science in Hospitality Management,1st Year,All,All,2025-2026,2
Patrick J. DelosSantos Jr.,Bachelor of Science in Hospitality Management,1st Year,All,All,2025-2026,2
Nicole C. DelosSantos,Bachelor of Science in Computer Science,1st Year,All,All,2025-2026,2
Bruce J. Espino III,Bachelor of Science in Management Accounting,1st Year,All,All,2025-2026,2
Kimberly D. Espino III,Bachelor of Science in Criminology,1st Year,All,All,2025-2026,2
Angela H. Espino Jr.,Bachelor of Science in Computer Science,1st Year,All,All,2025-2026,2
Leonardo E. Espino,Bachelor of Arts in Communication,1st Year,All,All,2025-2026,2
Leonardo C. Espino III,Bachelor of Arts in Communication,1st Year,All,All,2025-2026,2
Grace C. Espino III,Bachelor of Arts in Communication,1st Year,All,All,2025-2026,2
David B. Espino III,Bachelor of Science in Civil Engineering,1st Year,All,All,2025-2026,2
Ryan J. Flores Jr.,Bachelor of Science in Accountancy,1st Year,All,All,2025-2026,2
Angela B. Flores Jr.,Bachelor of Science in Information Technology,1st Year,All,All,2025-2026,2
Ethan I. Flores,Bachelor of Science in Computer Science,1st Year,All,All,2025-2026,2
Grace H. Garcia III,Bachelor of Science in Accountancy,1st Year,All,All,2025-2026,2
Miguel F. Garcia,Bachelor of Science in Nursing,1st Year,All,All,2025-2026,2
Miguel I. Garcia,Bachelor of Science in Hospitality Management,1st Year,All,All,2025-2026,2
Angel A. Garcia,Bachelor of Science in Civil Engineering,1st Year,All,All,2025-2026,2
Gabriel F. Garcia III,Bachelor of Science in Civil Engineering,1st Year,All,All,2025-2026,2
Jasmine B. Herrera III,Bachelor of Science in Civil Engineering,1st Year,All,All,2025-2026,2
Daniel A. Herrera III,Bachelor of Science in Civil Engineering,1st Year,All,All,2025-2026,2
Gabriel G. Lim Jr.,Bachelor of Science in Hospitality Management,1st Year,All,All,2025-2026,2
John H. Lim,Bachelor of Science in Hospitality Management,1st Year,All,All,2025-2026,2
Ethan A. Lim III,Bachelor of Science in Criminology,1st Year,All,All,2025-2026,2
Juan F. Lim,Bachelor of Arts in Psychology,1st Year,All,All,2025-2026,2
Christian D. Lopez,Bachelor of Science in Hospitality Management,1st Year,All,All,2025-2026,2
Gabriel A. Lopez,Bachelor of Science in Civil Engineering,1st Year,All,All,2025-2026,2
Jasmine E. Martinez Jr.,Bachelor of Science in Criminology,1st Year,All,All,2025-2026,2
Gabriel G. Martinez Jr.,Bachelor of Science in Criminology,1st Year,All,All,2025-2026,2
Ella H. Martinez Jr.,Bachelor of Arts in Communication,1st Year,All,All,2025-2026,2
Ryan I. Martinez,Bachelor of Arts in Communication,1st Year,All,All,2025-2026,2
Renz F. Martinez Jr.,Bachelor of Arts in Psychology,1st Year,All,All,2025-2026,2
Jasmine G. Morales,Bachelor of Arts in Communication,1st Year,All,All,2025-2026,2
Nicoletta J. Navarro Jr.,Bachelor of Science in Management Accounting,1st Year,All,All,2025-2026,2
Christian G. Navarro III,Bachelor of Science in Management Accounting,1st Year,All,All,2025-2026,2
Maria H. Navarro Jr.,Bachelor of Arts in Communication,1st Year,All,All,2025-2026,2
Ariana I. Navarro Jr.,Bachelor of Science in Civil Engineering,1st Year,All,All,2025-2026,2
Jose C. Padilla,Bachelor of Science in Accountancy,1st Year,All,All,2025-2026,2
Kimberly E. Padilla,Bachelor of Science in Computer Science,1st Year,All,All,2025-2026,2
Mikaela D. Padilla Jr.,Bachelor of Arts in Communication,1st Year,All,All,2025-2026,2
Angel B. Pascual III,Bachelor of Science in Accountancy,1st Year,All,All,2025-2026,2
Carla F. Pascual,Bachelor of Science in Civil Engineering,1st Year,All,All,2025-2026,2
Mikaela A. Ramos Jr.,Bachelor of Science in Management Accounting,1st Year,All,All,2025-2026,2
Nicoletta J. Ramos,Bachelor of Science in Management Accounting,1st Year,All,All,2025-2026,2
Jose E. Ramos,Bachelor of Science in Nursing,1st Year,All,All,2025-2026,2
Nathan E. Ramos Jr.,Bachelor of Science in Criminology,1st Year,All,All,2025-2026,2
Mikaela F. Ramos Jr.,Bachelor of Science in Criminology,1st Year,All,All,2025-2026,2
Grace F. Ramos Jr.,Bachelor of Science in Civil Engineering,1st Year,All,All,2025-2026,2
Nicole H. Reyes,Bachelor of Science in Accountancy,1st Year,All,All,2025-2026,2
John D. Reyes Jr.,Bachelor of Science in Management Accounting,1st Year,All,All,2025-2026,2
Ariana B. Reyes III,Bachelor of Science in Information Technology,1st Year,All,All,2025-2026,2
Jasmine G. Reyes,Bachelor of Science in Civil Engineering,1st Year,All,All,2025-2026,2
Patrick E. Rivera,Bachelor of Science in Nursing,1st Year,All,All,2025-2026,2
Renz F. Rivera III,Bachelor of Science in Nursing,1st Year,All,All,2025-2026,2
Leonardo B. Rivera Jr.,Bachelor of Science in Computer Science,1st Year,All,All,2025-2026,2
Claire D. Salazar,Bachelor of Science in Management Accounting,1st Year,All,All,2025-2026,2
Jose I. Salazar III,Bachelor of Science in Computer Science,1st Year,All,All,2025-2026,2
Bruce D. Santos III,Bachelor of Science in Accountancy,1st Year,All,All,2025-2026,2
Raven D. Santos Jr.,Bachelor of Science in Management Accounting,1st Year,All,All,2025-2026,2
Claire I. Santos Jr.,Bachelor of Science in Nursing,1st Year,All,All,2025-2026,2
Raven H. Santos Jr.,Bachelor of Science in Nursing,1st Year,All,All,2025-2026,2
Maria C. Santos,Bachelor of Science in Criminology,1st Year,All,All,2025-2026,2
Leonardo E. Santos III,Bachelor of Science in Information Technology,1st Year,All,All,2025-2026,2
Jose I. Santos III,Bachelor of Arts in Communication,1st Year,All,All,2025-2026,2
Angela I. Sison III,Bachelor of Science in Information Technology,1st Year,All,All,2025-2026,2
Ana D. Soriano Jr.,Bachelor of Science in Accountancy,1st Year,All,All,2025-2026,2
David G. Soriano III,Bachelor of Science in Management Accounting,1st Year,All,All,2025-2026,2
Nicole H. Soriano III,Bachelor of Science in Hospitality Management,1st Year,All,All,2025-2026,2
Angel J. Soriano Jr.,Bachelor of Science in Criminology,1st Year,All,All,2025-2026,2
Nicole J. Soriano Jr.,Bachelor of Arts in Psychology,1st Year,All,All,2025-2026,2
Zyra B. Tan Jr.,Bachelor of Science in Management Accounting,1st Year,All,All,2025-2026,2
Paula I. Tan III,Bachelor of Science in Nursing,1st Year,All,All,2025-2026,2
Jose C. Tan,Bachelor of Science in Computer Science,1st Year,All,All,2025-2026,2
Ella G. Tan Jr.,Bachelor of Arts in Communication,1st Year,All,All,2025-2026,2
Claire C. Tan Jr.,Bachelor of Arts in Psychology,1st Year,All,All,2025-2026,2
Ryan C. Tan Jr.,Bachelor of Science in Civil Engineering,1st Year,All,All,2025-2026,2
John F. Torres Jr.,Bachelor of Science in Management Accounting,1st Year,All,All,2025-2026,2
Liam I. Torres III,Bachelor of Science in Computer Science,1st Year,All,All,2025-2026,2
Patrick D. Torres III,Bachelor of Arts in Psychology,1st Year,All,All,2025-2026,2
Paula J. Torres Jr.,Bachelor of Arts in Psychology,1st Year,All,All,2025-2026,2
Renz C. Velasco III,Bachelor of Science in Accountancy,1st Year,All,All,2025-2026,2
Raven J. Velasco,Bachelor of Science in Management Accounting,1st Year,All,All,2025-2026,2
Renz D. Velasco,Bachelor of Science in Nursing,1st Year,All,All,2025-2026,2
Angela J. Velasco III,Bachelor of Science in Hospitality Management,1st Year,All,All,2025-2026,2
Sofia D. Velasco,Bachelor of Science in Information Technology,1st Year,All,All,2025-2026,2
Daniel C. Villanueva III,Bachelor of Science in Management Accounting,1st Year,All,All,2025-2026,2
Jose B. Villanueva,Bachelor of Science in Management Accounting,1st Year,All,All,2025-2026,2
Samuel H. Villanueva III,Bachelor of Science in Nursing,1st Year,All,All,2025-2026,2
Mikaela I. Villanueva Jr.,Bachelor of Science in Hospitality Management,1st Year,All,All,2025-2026,2
Christian A. Villanueva Jr.,Bachelor of Science in Hospitality Management,1st Year,All,All,2025-2026,2
Renz G. Villanueva III,Bachelor of Science in Criminology,1st Year,All,All,2025-2026,2
Raven H. Villanueva,Bachelor of Science in Criminology,1st Year,All,All,2025-2026,2
Gabriel D. Villanueva,Bachelor of Science in Computer Science,1st Year,All,All,2025-2026,2
Nicole D. Villanueva Jr.,Bachelor of Arts in Psychology,1st Year,All,All,2025-2026,2
Liam D. Villar III,Bachelor of Arts in Communication,1st Year,All,All,2025-2026,2
Jasmine A. Alcantara Jr.,Bachelor of Science in Criminology,1st Year,All,All,2025-2026,1
Zyra F. Alcantara Jr.,Bachelor of Science in Information Technology,1st Year,All,All,2025-2026,1
Patrick I. Alcantara Jr.,Bachelor of Science in Computer Science,1st Year,All,All,2025-2026,1
Nicole B. Alcantara III,Bachelor of Arts in Communication,1st Year,All,All,2025-2026,1
Angela B. Alcantara Jr.,Bachelor of Arts in Psychology,1st Year,All,All,2025-2026,1
Hannah G. Alcantara III,Bachelor of Arts in Psychology,1st Year,All,All,2025-2026,1
Claire J. Alcantara Jr.,Bachelor of Arts in Psychology,1st Year,All,All,2025-2026,1
Maria G. Aquino Jr.,Bachelor of Science in Accountancy,1st Year,All,All,2025-2026,1
John H. Aquino III,Bachelor of Arts in Communication,1st Year,All,All,2025-2026,1
Nicoletta A. Aquino,Bachelor of Arts in Psychology,1st Year,All,All,2025-2026,1
Juan G. Aquino III,Bachelor of Science in Civil Engineering,1st Year,All,All,2025-2026,1
Grace H. Bautista Jr.,Bachelor of Science in Accountancy,1st Year,All,All,2025-2026,1
Isabella A. Bautista,Bachelor of Science in Hospitality Management,1st Year,All,All,2025-2026,1
Jose E. Bautista Jr.,Bachelor of Arts in Communication,1st Year,All,All,2025-2026,1
Maria E. Cabrera Jr.,Bachelor of Science in Management Accounting,1st Year,All,All,2025-2026,1
Jasmine B. Cabrera III,Bachelor of Science in Nursing,1st Year,All,All,2025-2026,1
Samuel J. Castillo Jr.,Bachelor of Science in Accountancy,1st Year,All,All,2025-2026,1
Nicoletta E. Castillo Jr.,Bachelor of Science in Hospitality Management,1st Year,All,All,2025-2026,1
Samuel I. Castillo,Bachelor of Science in Computer Science,1st Year,All,All,2025-2026,1
Hannah D. Castillo Jr.,Bachelor of Science in Computer Science,1st Year,All,All,2025-2026,1
Joshua J. Castillo III,Bachelor of Science in Computer Science,1st Year,All,All,2025-2026,1
Claire E. Castillo Jr.,Bachelor of Arts in Psychology,1st Year,All,All,2025-2026,1
Patrick F. Cruz III,Bachelor of Science in Accountancy,1st Year,All,All,2025-2026,1
Ethan H. Cruz Jr.,Bachelor of Science in Management Accounting,1st Year,All,All,2025-2026,1
Christian I. Cruz Jr.,Bachelor of Science in Information Technology,1st Year,All,All,2025-2026,1
Paula E. Cruz III,Bachelor of Science in Computer Science,1st Year,All,All,2025-2026,1
Juan E. Cruz III,Bachelor of Arts in Communication,1st Year,All,All,2025-2026,1
Leonardo C. DelaCruz,Bachelor of Science in Accountancy,1st Year,All,All,2025-2026,1
Juan D. DelaCruz III,Bachelor of Science in Management Accounting,1st Year,All,All,2025-2026,1
David A. DelaCruz,Bachelor of Science in Management Accounting,1st Year,All,All,2025-2026,1
Patrick H. DelaCruz,Bachelor of Science in Criminology,1st Year,All,All,2025-2026,1
Nicoletta F. DelaCruz,Bachelor of Science in Information Technology,1st Year,All,All,2025-2026,1
John J. DelaCruz,Bachelor of Science in Computer Science,1st Year,All,All,2025-2026,1
Paula B. DelosSantos Jr.,Bachelor of Science in Civil Engineering,1st Year,All,All,2025-2026,1
Joshua D. Espino,Bachelor of Science in Management Accounting,1st Year,All,All,2025-2026,1
Ella F. Espino Jr.,Bachelor of Science in Nursing,1st Year,All,All,2025-2026,1
Rey F. Espino Jr.,Bachelor of Science in Nursing,1st Year,All,All,2025-2026,1
Mikaela I. Espino,Bachelor of Science in Information Technology,1st Year,All,All,2025-2026,1
Carla B. Espino III,Bachelor of Science in Information Technology,1st Year,All,All,2025-2026,1
Ella B. Flores,Bachelor of Science in Accountancy,1st Year,All,All,2025-2026,1
Claire D. Flores Jr.,Bachelor of Science in Management Accounting,1st Year,All,All,2025-2026,1
Daniel G. Flores,Bachelor of Arts in Psychology,1st Year,All,All,2025-2026,1
Joshua B. Flores,Bachelor of Science in Civil Engineering,1st Year,All,All,2025-2026,1
Gabriel J. Flores III,Bachelor of Science in Civil Engineering,1st Year,All,All,2025-2026,1
Ana D. Garcia,Bachelor of Science in Management Accounting,1st Year,All,All,2025-2026,1
Isabella G. Garcia III,Bachelor of Science in Nursing,1st Year,All,All,2025-2026,1
David I. Garcia,Bachelor of Science in Computer Science,1st Year,All,All,2025-2026,1
Miguel H. Herrera III,Bachelor of Science in Accountancy,1st Year,All,All,2025-2026,1
Patrick D. Herrera III,Bachelor of Science in Hospitality Management,1st Year,All,All,2025-2026,1
Miguel F. Herrera,Bachelor of Science in Information Technology,1st Year,All,All,2025-2026,1
Isabella F. Herrera Jr.,Bachelor of Science in Computer Science,1st Year,All,All,2025-2026,1
Nicoletta F. Lim III,Bachelor of Science in Management Accounting,1st Year,All,All,2025-2026,1
Sofia J. Lim III,Bachelor of Science in Management Accounting,1st Year,All,All,2025-2026,1
Nicole I. Lim,Bachelor of Science in Hospitality Management,1st Year,All,All,2025-2026,1
Patrick H. Lim,Bachelor of Science in Computer Science,1st Year,All,All,2025-2026,1
Juan A. Lopez III,Bachelor of Science in Computer Science,1st Year,All,All,2025-2026,1
Maria F. Lopez III,Bachelor of Arts in Psychology,1st Year,All,All,2025-2026,1
Miguel A. Lopez III,Bachelor of Arts in Psychology,1st Year,All,All,2025-2026,1
Daniel D. Lopez Jr.,Bachelor of Science in Civil Engineering,1st Year,All,All,2025-2026,1
Claire J. Martinez Jr.,Bachelor of Science in Management Accounting,1st Year,All,All,2025-2026,1
Samuel D. Martinez,Bachelor of Science in Information Technology,1st Year,All,All,2025-2026,1
Jasmine A. Morales Jr.,Bachelor of Science in Accountancy,1st Year,All,All,2025-2026,1
Grace G. Morales III,Bachelor of Science in Criminology,1st Year,All,All,2025-2026,1
Ariana A. Morales III,Bachelor of Science in Information Technology,1st Year,All,All,2025-2026,1
Ethan H. Morales Jr.,Bachelor of Science in Computer Science,1st Year,All,All,2025-2026,1
Nicoletta E. Morales Jr.,Bachelor of Science in Computer Science,1st Year,All,All,2025-2026,1
Zyra E. Navarro Jr.,Bachelor of Science in Accountancy,1st Year,All,All,2025-2026,1
Angel F. Navarro III,Bachelor of Science in Management Accounting,1st Year,All,All,2025-2026,1
Zyra G. Navarro III,Bachelor of Science in Management Accounting,1st Year,All,All,2025-2026,1
Ryan G. Navarro,Bachelor of Science in Nursing,1st Year,All,All,2025-2026,1
Jasmine H. Navarro,Bachelor of Science in Hospitality Management,1st Year,All,All,2025-2026,1
Leonardo C. Navarro III,Bachelor of Arts in Psychology,1st Year,All,All,2025-2026,1
Carla A. Navarro,Bachelor of Science in Civil Engineering,1st Year,All,All,2025-2026,1
Samuel G. Padilla III,Bachelor of Science in Management Accounting,1st Year,All,All,2025-2026,1
Grace E. Padilla,Bachelor of Science in Nursing,1st Year,All,All,2025-2026,1
Gabriel B. Padilla III,Bachelor of Science in Hospitality Management,1st Year,All,All,2025-2026,1
Mikaela E. Padilla Jr.,Bachelor of Science in Hospitality Management,1st Year,All,All,2025-2026,1
Ella H. Padilla III,Bachelor of Science in Computer Science,1st Year,All,All,2025-2026,1
Zyra F. Padilla Jr.,Bachelor of Science in Civil Engineering,1st Year,All,All,2025-2026,1
Paula J. Padilla,Bachelor of Science in Civil Engineering,1st Year,All,All,2025-2026,1
John G. Ramos Jr.,Bachelor of Science in Computer Science,1st Year,All,All,2025-2026,1
Jose E. Ramos III,Bachelor of Arts in Communication,1st Year,All,All,2025-2026,1
Angela J. Ramos,Bachelor of Arts in Communication,1st Year,All,All,2025-2026,1
David J. Ramos Jr.,Bachelor of Arts in Psychology,1st Year,All,All,2025-2026,1
Nicole B. Ramos,Bachelor of Arts in Psychology,1st Year,All,All,2025-2026,1
Juan B. Ramos,Bachelor of Science in Civil Engineering,1st Year,All,All,2025-2026,1
Bruce D. Reyes Jr.,Bachelor of Science in Accountancy,1st Year,All,All,2025-2026,1
Juan E. Reyes III,Bachelor of Science in Nursing,1st Year,All,All,2025-2026,1
Ana H. Reyes III,Bachelor of Science in Hospitality Management,1st Year,All,All,2025-2026,1
Renz B. Reyes Jr.,Bachelor of Science in Computer Science,1st Year,All,All,2025-2026,1
Leonardo H. Rivera Jr.,Bachelor of Science in Accountancy,1st Year,All,All,2025-2026,1
Carla D. Rivera,Bachelor of Science in Hospitality Management,1st Year,All,All,2025-2026,1
Isabella B. Rivera III,Bachelor of Science in Hospitality Management,1st Year,All,All,2025-2026,1
Nicole I. Rivera III,Bachelor of Science in Criminology,1st Year,All,All,2025-2026,1
Hannah J. Rivera,Bachelor of Science in Information Technology,1st Year,All,All,2025-2026,1
Nicole H. Rivera,Bachelor of Science in Information Technology,1st Year,All,All,2025-2026,1
Paula B. Rivera,Bachelor of Science in Computer Science,1st Year,All,All,2025-2026,1
Ariana J. Rivera,Bachelor of Arts in Psychology,1st Year,All,All,2025-2026,1
Mark G. Salazar III,Bachelor of Science in Information Technology,1st Year,All,All,2025-2026,1
Renz I. Santos,Bachelor of Science in Civil Engineering,1st Year,All,All,2025-2026,1
Ariana E. Sison III,Bachelor of Science in Accountancy,1st Year,All,All,2025-2026,1
Juan E. Sison,Bachelor of Science in Nursing,1st Year,All,All,2025-2026,1
Sofia C. Soriano III,Bachelor of Science in Accountancy,1st Year,All,All,2025-2026,1
Hannah G. Soriano,Bachelor of Science in Nursing,1st Year,All,All,2025-2026,1
Ariana F. Soriano,Bachelor of Science in Information Technology,1st Year,All,All,2025-2026,1
John D. Soriano,Bachelor of Arts in Communication,1st Year,All,All,2025-2026,1
John E. Tan,Bachelor of Science in Management Accounting,1st Year,All,All,2025-2026,1
Jasmine A. Tan III,Bachelor of Science in Management Accounting,1st Year,All,All,2025-2026,1
Nathan F. Tan,Bachelor of Science in Hospitality Management,1st Year,All,All,2025-2026,1
Grace F. Tan III,Bachelor of Science in Criminology,1st Year,All,All,2025-2026,1
Nathan D. Tan III,Bachelor of Science in Information Technology,1st Year,All,All,2025-2026,1
Bruce A. Tan,Bachelor of Arts in Psychology,1st Year,All,All,2025-2026,1
Angela H. Torres Jr.,Bachelor of Science in Hospitality Management,1st Year,All,All,2025-2026,1
Raven B. Velasco,Bachelor of Science in Hospitality Management,1st Year,All,All,2025-2026,1
Mark H. Velasco III,Bachelor of Science in Criminology,1st Year,All,All,2025-2026,1
Ryan H. Velasco Jr.,Bachelor of Science in Information Technology,1st Year,All,All,2025-2026,1
Ariana I. Velasco Jr.,Bachelor of Arts in Psychology,1st Year,All,All,2025-2026,1
Nicole J. Velasco,Bachelor of Science in Civil Engineering,1st Year,All,All,2025-2026,1
Joshua G. Velasco Jr.,Bachelor of Science in Civil Engineering,1st Year,All,All,2025-2026,1
Carla J. Velasco,Bachelor of Science in Civil Engineering,1st Year,All,All,2025-2026,1
Joshua E. Villanueva,Bachelor of Science in Management Accounting,1st Year,All,All,2025-2026,1
Kimberly B. Villanueva Jr.,Bachelor of Science in Hospitality Management,1st Year,All,All,2025-2026,1
Rey D. Villanueva,Bachelor of Science in Criminology,1st Year,All,All,2025-2026,1
Gabriel A. Villanueva III,Bachelor of Science in Information Technology,1st Year,All,All,2025-2026,1
David B. Villanueva Jr.,Bachelor of Arts in Communication,1st Year,All,All,2025-2026,1
David B. Villanueva III,Bachelor of Arts in Psychology,1st Year,All,All,2025-2026,1
Ana I. Villanueva Jr.,Bachelor of Science in Civil Engineering,1st Year,All,All,2025-2026,1
Zyra H. Villar,Bachelor of Science in Management Accounting,1st Year,All,All,2025-2026,1
Juan J. Villar,Bachelor of Arts in Psychology,1st Year,All,All,2025-2026,1
